No	Tweets	Label
1	@USER Someone should'veTaken" this piece of <b>shit</b> to a volcano."	No
2	@USER @USER Oh noes! Tough <b>shit</b>	Yes
3	@USER @USER @USER @USER LOL!!! Throwing the <b>bullshit</b> Flag on such nonsense!! #PutUpOrShutUp #Kavanaugh #MAGA #CallTheVoteAlready URL	Yes
4	@USER @USER Da <b>fuck</b> is going on people? There's the men's room and the women's room Pick one and stick w it	Yes
5	@USER <b>fuck</b> off	Y
6	@USER @USER The prison system is so <b>fucked</b> Why are they still getting away with what is potentially murder with intent if the prisoners die in the hurricane? They did this in Louisiana and like 500 inmates went missing""	No
7	@USER <b>fuck</b> em	Yes
8	@USER This all I get <b>damn</b> these haters deleting you IG for no reason... URL	Yes
9	@USER SJSHSJ THATS MY JOB <b>bitch</b>	Yes
10	@USER He is a <b>dumbass</b> !!!!!	Yes
11	@USER At this point in time... I don't think Pres. Trump gives a <b>shit</b> and neither do I! LOL URL	No
12	@USER @USER @USER <b>bullshit</b> Regulations are good because it keeps conservatives from striping our land into the Abyss	No
13	@USER you <b>fucking</b> -	Yes
14	@USER Yeah we need some more made up <b>bullshit</b> protestors and antifa lol time for an epic beatdow	Yes
15	@USER By the way why don‚Äôt you move to Haiti ? You liberals seem to make <b>shit</b> holes out of large cities. So go somewhere where it‚Äôs already a shit hole so you don‚Äôt have to do any work !	No
16	@USER By the way why don‚Äôt you move to Haiti ? You liberals seem to make shit holes out of large cities. So go somewhere where it‚Äôs already a <b>shit</b> hole so you don‚Äôt have to do any work !	Yes
17	Shouldn't <b>pussy</b> grabbing @USER be the one wearing the gloves while handling food? #MAGA URL	No
18	@USER @USER @USER May be you have forgotten that at the moment we are EU citizens and so all rights afforded to us are the same as for other EU citizens. Don‚Äôt believe all the <b>shit</b> that goes on in your head.	No
19	@USER @USER Just looked up his work History he is listed on the Board of Leading Age Services Aust (LASA) and comes from Medicare Local Alliance...what ever the <b>hell</b> that is	No
20	@USER Cause who <b>bitches</b> be playing with god aint give me the gift for nothing	Yes
21	@USER Coming from the man that threatened to try and kick Turmps <b>ass</b> now don't that take a set of ball's	No
22	@USER @USER @USER @USER @USER <b>bitch</b> URL	Yes
23	@USER yea your the <b>bitch</b> on the right getting smacked URL	Yes
24	@USER Bro go watch how he hold his backwood in the interview like that <b>shit</b> was irritating lmao nigga is mad suspicious	No
25	@USER Bro go watch how he hold his backwood in the interview like that shit was irritating lmao <b>nigga</b> is mad suspicious	No
26	A <b>bitch</b> built like that could beat my ass all she wants URL	Yes
27	A bitch built like that could beat my <b>ass</b> all she wants URL	No
28	@USER What the <b>fuck</b> game are you watching?	No
29	@USER If you go by anything other than he or she you are <b>fucked</b> in the head.	Yes
30	#ThursdayThoughts- <b>fuck</b> liberals. Forever.	Yes
31	@USER @USER Mxm <b>nigger</b> thinks we give a fuck URL	Yes
32	@USER @USER Mxm nigger thinks we give a <b>fuck</b> URL	No
33	@USER What insanely ridiculous <b>bullshit</b>	Yes
34	@USER We shouldn‚Äôt be surprised. These same pigs worked with neonazis to unmask antifa protestors. And the local coverage by <b>shit</b> journos like @USER didn‚Äôt cover that AT ALL. We had to rely on @USER for investigative coverage URL	Yes
35	(2020 election season) Trump: my <b>dick</b> is the most magnificent dick Just tremendous. Leftists: prove it you Russian puppet! Trump: *whips dick out in fit of senility* Conservatives: *vote Trump to victory*	Yes
36	(2020 election season) Trump: my dick is the most magnificent <b>dick</b> Just tremendous. Leftists: prove it you Russian puppet! Trump: *whips dick out in fit of senility* Conservatives: *vote Trump to victory*	Yes
37	(2020 election season) Trump: my dick is the most magnificent dick Just tremendous. Leftists: prove it you Russian puppet! Trump: *whips <b>dick</b> out in fit of senility* Conservatives: *vote Trump to victory*	Yes
38	@USER <b>hell</b> did they boycott McEnroe.....this is too much!!	No
39	@USER IM GOING HARDCORE <b>bitch</b>	Yes
40	@USER I used to do signifing monkey by heart. Played it for the wife and she is like what the <b>hell</b>	No
41	@USER 2018 charts she is. Overall <b>fuck</b> no. Cardi got ways to go to catch niki	Yes
42	@USER <b>bullshit</b>	Yes
43	@USER I feel pretty <b>fucked</b> then cuz I started out fine	No
44	@USER @USER NOT A SNOWBALLS CHANCE IN <b>hell</b> DIMWIT DEM. Start taking losing like a man.....err...like a....uhm? Whatever you identify as today. WE WILL #MAGA NOT TIRED OF #WINNING SEE YOU IN NOVEMBER FOR THE #REDWAVERISING2018 YOU CAN'T STOP #Scotus	No
45	@USER @USER My Stoned Wheat Crackers! Where the <b>hell</b> did they put the Stoned Wheat Crackers?	No
46	@USER CBS sez CEO Leslie Moonves' out on his <b>ass</b> after several allegations he was chasing ass COO Joseph Iannello will be interim CEO until somebody accuses him of the same thing... This shit never ends... Ooops...	Yes
47	@USER CBS sez CEO Leslie Moonves' out on his ass after several allegations he was chasing <b>ass</b> COO Joseph Iannello will be interim CEO until somebody accuses him of the same thing... This shit never ends... Ooops...	No
48	@USER CBS sez CEO Leslie Moonves' out on his ass after several allegations he was chasing ass COO Joseph Iannello will be interim CEO until somebody accuses him of the same thing... This <b>shit</b> never ends... Ooops...	No
49	@USER I didn‚Äôt tweet this lol I needa get my Twitter off this <b>shit</b>	No
50	@USER Then HAUL YOUR FAT <b>ass</b> IN HARMS WAY YOU DRUGGIE!!!	Yes
51	@USER its so cool that the blind idiot god" concept is already a real thing from a religion thousands of years old but peopl ehave to make it a <b>fucking</b> cthulhu reference for retard cred"	No
52	@USER Rezz is a dumb <b>bitch</b> who will get a rude awakening from BNF in Mexico lol URL	Yes
53	@USER Another <b>dumbass</b> Democrat. One thing you have to say about this president is he‚Äôs not lazy. Another bullshit story as usual	Yes
54	@USER Another dumbass Democrat. One thing you have to say about this president is he‚Äôs not lazy. Another <b>bullshit</b> story as usual	Yes
55	@USER So it moves forward. <b>damn</b> the facts as long as you keep up the narrative! The Dangerous line is the sliding scale line that you bunch of liberal idiots use to vilify Conservatives or justify the actions of liberals	No
56	@USER @USER (She is clearly agitated in a defensive stance) <b>shit</b> what is she doing here	Yes

87	@USER Niggaz buying <b>pussy</b> bitches trying to buy love...	Yes
88	@USER Niggaz buying pussy <b>bitches</b> trying to buy love...	Yes
89	@USER Does not suffer fools and has seen enough <b>shit</b> to last nine lives.	No
90	@USER Believe the woman. What person would volunteer for the <b>shit</b> show she is about to experience if it weren‚Äôt true. I stand in solidarity with Christine Blasey Ford.	Yes
91	@USER Hmmm...they <b>piss</b> off the portion of the population that actually supported football and are shocked their numbers took a nose dive? Shocking!	Yes
92	@USER I <b>fucking</b> love this!!!! so so true. and actually it‚Äôs in those types of jobs you will learn the most	No
94	A <b>bitch</b> is complaining to corporate about me in our lobby lmaooo	Yes
95	@USER I saw some <b>shit</b> today that made me want to @ her and politely ask her if I could be her stylist.... because I'm not here for these early 2000 bangle bracelets and unnecessary accessories like who's responsible? I have a few words. URL	No
96	@USER yyyy <b>fuck</b> no bitch we decided we both was gone steepppp	Yes
97	@USER yyyy fuck no <b>bitch</b> we decided we both was gone steepppp	Yes
98	@USER <b>damn</b> he fell victim to a little thing called TOS much like the ones on his own site URL URL	No
99	@USER Coming from a guy who worries more about straws than cleaning up failed <b>shitty</b> policies..now he knows best..lol	Yes
100	@USER How <b>fucking</b> sad	No
101	@USER what the actual fuck..ill report them this is so <b>fucked</b> up	Yes
102	@USER He should leak that <b>shit</b> anyways lol	No
103	-____- No other 1st world country has <b>bullshit</b> like this because they don't have bullshit problems like this fuck the gun industry and fuck the dipshits enabling them preventing sensible gun control URL	Yes
104	-____- No other 1st world country has bullshit like this because they don't have <b>bullshit</b> problems like this fuck the gun industry and fuck the dipshits enabling them preventing sensible gun control URL	Yes
105	-____- No other 1st world country has bullshit like this because they don't have bullshit problems like this <b>fuck</b> the gun industry and fuck the dipshits enabling them preventing sensible gun control URL	Yes
106	-____- No other 1st world country has bullshit like this because they don't have bullshit problems like this fuck the gun industry and <b>fuck</b> the dipshits enabling them preventing sensible gun control URL	Yes
107	@USER Nike lost $3.75 billion after kaepernick was named face of ‚Äújust do it‚Äù <b>bullshit</b>	Yes
108	@USER Google go to <b>hell</b>	Yes
109	@USER I want to kiss your <b>ass</b>	No
110	@USER For what??? Lies and rumors being spread by liberals with their known pattern? <b>hell</b> NO.	Yes
111	@USER Grew up listening to K.I.D.S <b>shit</b> breaks my heart RIP	No
112	@USER Ur head bout big as <b>shit</b>	Yes
113	@USER Blame Trump for the weather and the corruption that existed for decades in PR. What an <b>ass</b> typical democratic	Yes
114	@USER @USER That <b>nigga</b> snitched and added spice on top of his snitching	Yes
115	@USER An idiot. Where the <b>fuck</b> do they get these people?	Yes
116	@USER Start by not tweeting <b>pussy</b> ass shit	Yes
117	@USER Start by not tweeting pussy <b>ass</b> shit	Yes
118	@USER Start by not tweeting pussy ass <b>shit</b>	Yes
119	@USER I AM SO WEAK SHE REALLY BEAT HER <b>ass</b>	No
120	@USER Bird <b>ass</b> URL	Yes
121	@USER @USER I would name my dogs breed but I have no <b>fucking</b> clue what he is	No
122	@USER Holy <b>shit</b> of all people to say that a Nebraska fan. Please take your dead program somewhere else and keep your VCR around to watch highlights from the 90s.	No
123	@USER i had a man tell me their body count was 40+ but refused to be with a woman who had more than 5. what the <b>fuck</b>	No>shit</b>	No
1473	@USER you know Dan I used to think you were a pretty competent newsman now I can clearly see you are nothing more then a paid <b>whore</b> who sells himself and his once stellar reputation. Trying to be relevant again ? URL	Yes
1474	@USER @USER @USER @USER @USER It was more of an allusion to the must-keep-growing economy and the dependence on <b>bullshit</b> jobs to pay back unnecessary debt to create growth to prevent that whole thing falling over. I vote according to the circumstan	No
1475	@USER @USER <b>shit</b> come on unc!	No
1476	@USER It wasn't as if he was bothering her. However, after a moment she looked up from her phone and sighed. I'm sorry, growing up the way I did, I'm a little bit of a hard <b>ass</b> when people give me compliments, I apologise because you didn't ‚Äî"	No
1477	@USER <b>nigga</b> bouta go direct traffic w style	No
1478	@USER @USER @USER Politically neutral" yeah sure buddy, i mean most milquetoast conservatives, even the never trump ones agree with Trump's policies, and the whole <b>gay</b> marriage and abortion seems like the bare minimum"	No
1479	@USER YUP. Liberals (by which I mean fans of Liberal Democracy") are all too happy to let everyone else around them die as long as they maintain a comfortable existence. It's a <b>fucking</b> disgrace. We need to get the ball rolling on serious Socialist	No
1480	@USER STOP LYING <b>asshole</b> FBI ISNT INVOLVED CAUSE THERES NOTHINGBURGER TO INVESTIGATE. ITS ALL LIBERALS CHARADE TO DELAY.. KAVANAUGH WILL B CONFIRMED #GINSBERGISNEXT ü§£ü§£ü§£ü§£ü§£üòãüòã	Yes
1481	@USER I wish your commie <b>ass</b> would show up to an antifa rally.	Yes
1482	@USER Holy <b>shit</b>	No
1483	@USER @USER @USER @USER Oh God. This hurts my brain. No one can libel anybody. Internet companies can control thier content in any way they want. But claiming Twitter is libeling Jones is an entirely separate issue from the <b>bullshit</b> censorship clai	Yes
1484	@USER Oh <b>shit</b> stay safe!! !!	No
1485	@USER Holy <b>shit</b> He is still alive?	No
1486	@USER This is not the will of the people, since you did not ever mention your intention during your campaign except the vague reduce the size of government" which we al interpreted as provincial government. You can bet your <b>ass</b> we are not going to 	No
1487	@USER @USER It's hard to say for sure because the thing was sooooooooo dark. Almost like DC hasn't learned a <b>damn</b> thing from their disastrous run of films.	No
1488	@USER 2/3 You were on TV claiming to be a journalist when Kagan was sitting there &amp; still, you have provided no examples of you berating her for using the Ginsberg rule," to evade giving her personal views on hot button cultural topics like <b>gay</b>	No
1489	@USER Hold the <b>damn</b> vote. Iowa voter chiming I‚Äôm here. Wuit@USER the damn Liberals game and stand up to this crap.	No
1490	@USER Hold the damn vote. Iowa voter chiming I‚Äôm here. Wuit@USER the <b>damn</b> Liberals game and stand up to this crap.	No
1491	@USER Too funny when bum <b>ass</b> Antifa is trying to take the high road.	Yes
1492	@USER <b>hell</b> ya	No
1493	@USER you have the best booty and everything you are stunning love you so want to <b>cum</b> in you so deep!	Yes
1494	@USER @USER Looks like gun control is working out well for your <b>shit</b> hole country huh? How are those gun laws working huh? More shootings and murders by gun than America which has more guns than people in Brazil	Yes
1495	@USER You are look so <b>damn</b> beautiful in that outfit.	No
1496	@USER @USER Why is John Kerry running his mouth again as if we cared about what he has to say? I can‚Äôt think of a single <b>damn</b> thing Kerry has accomplished besides run his mouth. Trump‚Äôs accomplishments exceed anything Kerry could ever dream of. Eve	No
1497	@USER Are we really supposed to believe the party of violent liberal ANTIFA with their KKK hoods who beat the <b>hell</b> out of strangers they know nothing about somehow care at all for this? Are we supposed to trust the party who funds ANTIFA to tell us	No
1498	@USER But honestly the cameras suck <b>ass</b> they're great if you don't zoom in	No
1499	@USER @USER hey y'all take this <b>shit</b> to dms aight	No
1500	@USER @USER Winston Churchill on being admonished about sentence ending prepositions: This is an outrage up with which I will not put!" And the punchline to my favorite grammar joke: "Oh. So, where y'all from, <b>bitch</b>	No
1501	@USER I remember when the game just <b>fucking</b> started.	No
1502	1000 <b>gay</b> children have now died as a result of bert and ernie not being gay hope ur happy conservatives.	Yes
1503	1000 gay children have now died as a result of bert and ernie not being <b>gay</b> hope ur happy conservatives.	Yes
1504	@USER I bet. Why do think dirt bag pubs like the National Inquirer are still around. Smut and lies sell We can only hope someone writes a tell all <b>bullshit</b> story about Woodward or better yet even one about you. Instead of Fear‚Äù it could be called ‚Äú	Yes
1505	@USER Because to liberals being a white mail is disqualifying. It‚Äôs attempt to muzzle gop on SJC. Graham (allegedly a <b>gay</b> white male) should take point if he has it in him. Might save him a primary figjt	No
1506	@USER @USER @USER @USER Given the sheer scale of the numbers I suspect from time to time someone had to look in a pit and say ‚ÄúI recon that‚Äôs 450 in that hole‚Äù..the point is BIG BAZ they are <b>fucking</b> big numbers clocked up by the far right/left. I‚Äôm	No
1507	@USER @USER @USER What the <b>hell</b> has his location at the time of the shooting got to do with anything? People don't have to be shot to fight for gun control! Usually they can't after the event because they are usually DEAD!	No
1508	@USER @USER i feel like he is weird eitherway cuz the league was supposed to start yesterday and they havent say <b>shit</b>	No
1509	@USER True. But he is a pretty <b>damn</b> good QB though.	No
1510	@USER Real question: has Ted Cruz never dropped an f-bomb in his life? Is this something that should disqualify you from public office? Grabbing someone by the <b>pussy</b> literally &amp; verbally, is a lot more offensive to me"	No

